,Unnamed: 0,raw_row_number,date,time,location,lat,lng,precinct,reporting_area,zone,subject_age,subject_race,subject_sex,officer_id_hash,type,violation,arrest_made,citation_issued,warning_issued,outcome,contraband_found,contraband_drugs,contraband_weapons,frisk_performed,search_conducted,search_person,search_vehicle,search_basis,reason_for_stop,vehicle_registration_state,notes,raw_verbal_warning_issued,raw_written_warning_issued,raw_traffic_citation_issued,raw_misd_state_citation_issued,raw_suspect_ethnicity,raw_driver_searched,raw_passenger_searched,raw_search_consent,raw_search_arrest,raw_search_warrant,raw_search_inventory,raw_search_plain_view,geometry,source,DAY_WEEK,CITY,RAIL,MAN_COLL,WEATHER1,HARM_EV,MINUTE,WEATHER2,HOSP_HR,WEATHER,PEDS,ARR_HOUR,STATE,CF2,TWAY_ID,TWAY_ID2,PERSONS,CF3,WRK_ZONE,FATALS,NOT_MIN,ROUTE,DRUNK_DR,REL_ROAD,SCH_BUS,COUNTY,YEAR,MONTH,ST_CASE,CF1,NOT_HOUR,HOUR,MILEPT,LGT_COND,VE_TOTAL,SP_JUR,HOSP_MN,VE_FORMS,NHS,ARR_MIN,DAY,cluster_label
272,272,,,,,36.21353889,-86.82516111,,,,,,,,,,,,,,,,,,,,,,,,,,,,,,,,,,,,,,crash,2.0,1760.0,0000000,0.0,1.0,42.0,7.0,0.0,88.0,1.0,0.0,99.0,47.0,0.0,W HAMILTON RD,,1.0,0.0,0.0,1.0,99.0,6.0,0.0,4.0,0.0,37.0,2013.0,7.0,470716.0,0.0,99.0,15.0,10.0,1.0,1.0,0.0,88.0,1.0,0.0,99.0,22.0,1
273,273,,,,,36.13018056,-86.71566944,,,,,,,,,,,,,,,,,,,,,,,,,,,,,,,,,,,,,,crash,1.0,1760.0,0000000,0.0,10.0,15.0,42.0,0.0,99.0,10.0,1.0,99.0,47.0,0.0,US-41/70S SR-1 MURFREESBORO RD,,4.0,0.0,0.0,1.0,99.0,2.0,0.0,1.0,0.0,37.0,2013.0,7.0,470718.0,0.0,99.0,0.0,219.0,3.0,1.0,0.0,99.0,1.0,1.0,99.0,28.0,0
274,274,,,,,36.07728333,-86.76640833,,,,,,,,,,,,,,,,,,,,,,,,,,,,,,,,,,,,,,crash,6.0,1760.0,0000000,0.0,1.0,35.0,45.0,0.0,99.0,1.0,0.0,99.0,47.0,0.0,I-65,,1.0,0.0,0.0,1.0,99.0,1.0,0.0,4.0,0.0,37.0,2013.0,8.0,470719.0,0.0,99.0,5.0,35.0,1.0,1.0,0.0,99.0,1.0,1.0,99.0,30.0,0
275,275,,,,,36.14228056,-86.64481111,,,,,,,,,,,,,,,,,,,,,,,,,,,,,,,,,,,,,,crash,3.0,1760.0,0000000,0.0,1.0,30.0,54.0,0.0,99.0,1.0,0.0,99.0,47.0,0.0,ELM HILL PK,,2.0,0.0,0.0,1.0,99.0,6.0,1.0,4.0,0.0,37.0,2013.0,8.0,470720.0,0.0,99.0,20.0,10.0,3.0,1.0,0.0,99.0,1.0,0.0,99.0,27.0,4
276,276,,,,,36.211,-86.88703889,,,,,,,,,,,,,,,,,,,,,,,,,,,,,,,,,,,,,,crash,7.0,1760.0,0000000,8.0,10.0,12.0,16.0,0.0,99.0,10.0,0.0,99.0,47.0,0.0,SR-12 ASHLAND CITY HWY,,4.0,0.0,0.0,1.0,99.0,3.0,0.0,1.0,0.0,37.0,2013.0,8.0,470721.0,0.0,99.0,17.0,74.0,1.0,2.0,0.0,99.0,2.0,0.0,99.0,3.0,3
277,277,,,,,36.01843889,-86.66441944,,,,,,,,,,,,,,,,,,,,,,,,,,,,,,,,,,,,,,crash,1.0,1760.0,0000000,0.0,1.0,53.0,12.0,0.0,99.0,1.0,0.0,99.0,47.0,0.0,PETTUS RD,,3.0,0.0,0.0,2.0,99.0,6.0,0.0,4.0,0.0,37.0,2013.0,7.0,470725.0,0.0,99.0,15.0,5.0,1.0,1.0,0.0,99.0,1.0,0.0,99.0,7.0,0
278,278,,,,,36.24730556,-86.72082222,,,,,,,,,,,,,,,,,,,,,,,,,,,,,,,,,,,,,,crash,3.0,1760.0,0000000,0.0,1.0,15.0,57.0,0.0,99.0,1.0,1.0,99.0,47.0,0.0,US-31E SR-6 GALLATIN PK,,1.0,0.0,0.0,1.0,99.0,2.0,0.0,1.0,0.0,37.0,2013.0,9.0,470727.0,0.0,99.0,19.0,174.0,3.0,1.0,0.0,99.0,1.0,1.0,99.0,3.0,2
279,279,,,,,36.12777778,-86.84349444,,,,,,,,,,,,,,,,,,,,,,,,,,,,,,,,,,,,,,crash,5.0,1760.0,0000000,0.0,1.0,8.0,39.0,0.0,9.0,1.0,1.0,99.0,47.0,0.0,US-70 S SR-1 HARDING RD,,1.0,0.0,0.0,1.0,99.0,2.0,0.0,1.0,0.0,37.0,2013.0,9.0,470730.0,0.0,99.0,9.0,135.0,1.0,1.0,0.0,56.0,1.0,1.0,99.0,5.0,3
280,280,,,,,36.23791389,-86.73646944,,,,,,,,,,,,,,,,,,,,,,,,,,,,,,,,,,,,,,crash,7.0,1760.0,0000000,0.0,1.0,8.0,52.0,0.0,88.0,1.0,1.0,99.0,47.0,0.0,SR-155 BRILEY PKWY,,1.0,0.0,0.0,1.0,99.0,3.0,0.0,2.0,0.0,37.0,2013.0,9.0,470732.0,0.0,99.0,4.0,157.0,3.0,1.0,0.0,88.0,1.0,1.0,99.0,14.0,2
281,281,,,,,36.15374722,-86.72108889,,,,,,,,,,,,,,,,,,,,,,,,,,,,,,,,,,,,,,crash,7.0,1760.0,0000000,2.0,1.0,12.0,14.0,0.0,88.0,1.0,0.0,99.0,47.0,0.0,US-70 SR-24 LEBANON PK,,2.0,0.0,0.0,1.0,99.0,2.0,0.0,11.0,0.0,37.0,2013.0,9.0,470734.0,0.0,99.0,23.0,160.0,3.0,2.0,0.0,88.0,2.0,1.0,99.0,21.0,1
282,282,,,,,36.17183056,-86.61463889,,,,,,,,,,,,,,,,,,,,,,,,,,,,,,,,,,,,,,crash,3.0,1760.0,0000000,0.0,1.0,38.0,50.0,0.0,99.0,1.0,0.0,99.0,47.0,0.0,DODSON CHAPEL RD,,2.0,0.0,0.0,1.0,99.0,6.0,0.0,4.0,0.0,37.0,2013.0,9.0,470763.0,0.0,99.0,21.0,6.0,2.0,1.0,0.0,99.0,1.0,0.0,99.0,10.0,4
283,283,,,,,36.11236944,-86.92956111,,,,,,,,,,,,,,,,,,,,,,,,,,,,,,,,,,,,,,crash,3.0,1760.0,0000000,6.0,1.0,12.0,23.0,0.0,99.0,1.0,0.0,99.0,47.0,0.0,US-70 SR-24 CHARLOTTE PK,SAWYER BROWN RD,2.0,0.0,0.0,1.0,99.0,2.0,0.0,1.0,0.0,37.0,2013.0,11.0,470767.0,0.0,99.0,14.0,32.0,1.0,2.0,0.0,99.0,2.0,0.0,99.0,5.0,3
284,284,,,,,36.07562778,-86.76786944,,,,,,,,,,,,,,,,,,,,,,,,,,,,,,,,,,,,,,crash,3.0,1760.0,0000000,0.0,3.0,42.0,21.0,0.0,88.0,3.0,0.0,99.0,47.0,0.0,I-65,,1.0,0.0,0.0,1.0,99.0,1.0,0.0,4.0,0.0,37.0,2013.0,11.0,470792.0,0.0,99.0,6.0,30.0,1.0,1.0,0.0,88.0,1.0,1.0,99.0,12.0,0
285,285,,,,,36.15441111,-86.75996944,,,,,,,,,,,,,,,,,,,,,,,,,,,,,,,,,,,,,,crash,1.0,1760.0,0000000,1.0,1.0,12.0,57.0,0.0,99.0,1.0,0.0,99.0,47.0,0.0,I-40,,2.0,0.0,0.0,1.0,99.0,1.0,1.0,1.0,0.0,37.0,2013.0,11.0,470825.0,0.0,99.0,23.0,195.0,3.0,2.0,0.0,99.0,2.0,1.0,99.0,10.0,1
286,286,,,,,36.1361,-86.89288056,,,,,,,,,,,,,,,,,,,,,,,,,,,,,,,,,,,,,,crash,3.0,1760.0,0000000,2.0,1.0,12.0,34.0,0.0,99.0,1.0,0.0,99.0,47.0,0.0,I-40,,2.0,0.0,0.0,1.0,99.0,1.0,1.0,1.0,0.0,37.0,2013.0,11.0,470846.0,0.0,99.0,2.0,102.0,2.0,2.0,0.0,99.0,2.0,1.0,99.0,12.0,3
287,287,,,,,36.04813889,-86.71346944,,,,,,,,,,,,,,,,,,,,,,,,,,,,,,,,,,,,,,crash,3.0,1760.0,0000000,1.0,1.0,12.0,35.0,0.0,88.0,1.0,0.0,99.0,47.0,0.0,US-31A/41A SR-11 NOLENSVILLE P,,2.0,0.0,0.0,1.0,99.0,2.0,0.0,1.0,0.0,37.0,2013.0,10.0,470848.0,0.0,99.0,21.0,47.0,3.0,2.0,0.0,88.0,2.0,1.0,99.0,29.0,0
288,288,,,,,36.04243056,-86.6538,,,,,,,,,,,,,,,,,,,,,,,,,,,,,,,,,,,,,,crash,6.0,1760.0,0000000,1.0,2.0,12.0,52.0,0.0,99.0,2.0,0.0,99.0,47.0,0.0,I-24,,11.0,0.0,0.0,1.0,99.0,1.0,0.0,1.0,0.0,37.0,2013.0,11.0,470852.0,28.0,99.0,14.0,245.0,1.0,7.0,0.0,99.0,7.0,1.0,99.0,15.0,0
289,289,,,,,36.21753056,-86.71903889,,,,,,,,,,,,,,,,,,,,,,,,,,,,,,,,,,,,,,crash,7.0,1760.0,0000000,0.0,1.0,53.0,40.0,0.0,99.0,1.0,0.0,99.0,47.0,0.0,MCALPINE AVE,,1.0,0.0,0.0,1.0,99.0,6.0,0.0,4.0,0.0,37.0,2013.0,10.0,470854.0,0.0,99.0,11.0,5.0,1.0,2.0,0.0,99.0,1.0,0.0,99.0,19.0,2
290,290,,,,,36.1616,-86.78381944,,,,,,,,,,,,,,,,,,,,,,,,,,,,,,,,,,,,,,crash,5.0,1760.0,0000000,0.0,10.0,8.0,0.0,0.0,88.0,10.0,1.0,99.0,47.0,0.0,US-31/41 SR-6 ROSA L PARKS BLV,CHURCH ST,1.0,0.0,0.0,1.0,99.0,2.0,0.0,1.0,0.0,37.0,2013.0,12.0,470864.0,0.0,99.0,13.0,86.0,1.0,1.0,0.0,88.0,1.0,1.0,99.0,19.0,1
291,291,,,,,36.21706111,-86.59761944,,,,,,,,,,,,,,,,,,,,,,,,,,,,,,,,,,,,,,crash,7.0,1760.0,0000000,0.0,2.0,8.0,32.0,0.0,99.0,2.0,1.0,99.0,47.0,0.0,ANDREW JACKSON PKWY,,2.0,0.0,0.0,1.0,99.0,6.0,0.0,1.0,0.0,37.0,2013.0,12.0,470886.0,0.0,99.0,21.0,1.0,3.0,1.0,0.0,99.0,1.0,0.0,99.0,21.0,4
292,292,,,,,36.15718889,-86.75976111,,,,,,,,,,,,,,,,,,,,,,,,,,,,,,,,,,,,,,crash,5.0,1760.0,0000000,0.0,1.0,8.0,0.0,0.0,99.0,1.0,1.0,99.0,47.0,0.0,I-24,,1.0,0.0,0.0,1.0,99.0,1.0,0.0,1.0,0.0,37.0,2013.0,12.0,470910.0,0.0,99.0,19.0,158.0,3.0,1.0,0.0,99.0,1.0,1.0,99.0,26.0,1
293,293,,,,,36.08935,-86.7183,,,,,,,,,,,,,,,,,,,,,,,,,,,,,,,,,,,,,,crash,2.0,1760.0,0000000,0.0,2.0,33.0,10.0,0.0,88.0,2.0,0.0,99.0,47.0,0.0,PARAGON MILLS RD,ASTER DR,1.0,0.0,0.0,1.0,99.0,6.0,0.0,4.0,0.0,37.0,2013.0,12.0,470913.0,0.0,99.0,3.0,75.0,3.0,1.0,0.0,88.0,1.0,0.0,99.0,9.0,0
294,294,,,,,36.14956111,-86.80298056,,,,,,,,,,,,,,,,,,,,,,,,,,,,,,,,,,,,,,crash,6.0,1760.0,0000000,0.0,2.0,8.0,33.0,0.0,99.0,2.0,2.0,99.0,47.0,0.0,US-70S SR-001 WEST END AVE,,1.0,0.0,0.0,1.0,99.0,2.0,0.0,11.0,0.0,37.0,2013.0,12.0,470916.0,0.0,99.0,6.0,162.0,4.0,1.0,0.0,99.0,1.0,1.0,99.0,6.0,1
295,295,,,,,36.18728056,-86.79388056,,,,,,,,,,,,,,,,,,,,,,,,,,,,,,,,,,,,,,crash,1.0,1760.0,0000000,0.0,2.0,30.0,12.0,0.0,88.0,2.0,0.0,99.0,47.0,0.0,3RD AVE N,,1.0,0.0,0.0,1.0,99.0,6.0,0.0,4.0,0.0,37.0,2013.0,12.0,470917.0,0.0,99.0,1.0,17.0,3.0,1.0,0.0,88.0,1.0,0.0,99.0,8.0,1
296,296,,,,,36.20685,-86.80831944,,,,,,,,,,,,,,,,,,,,,,,,,,,,,,,,,,,,,,crash,7.0,1760.0,0000000,0.0,1.0,40.0,45.0,0.0,88.0,1.0,0.0,99.0,47.0,0.0,W TRINITY LN,,1.0,0.0,0.0,1.0,99.0,6.0,0.0,4.0,0.0,37.0,2013.0,12.0,470920.0,0.0,99.0,21.0,9.0,3.0,1.0,0.0,88.0,1.0,0.0,99.0,14.0,1
297,297,,,,,36.09473889,-86.70713056,,,,,,,,,,,,,,,,,,,,,,,,,,,,,,,,,,,,,,crash,4.0,1760.0,0000000,1.0,1.0,12.0,4.0,0.0,99.0,1.0,0.0,99.0,47.0,0.0,I-24,,3.0,0.0,0.0,1.0,99.0,1.0,0.0,1.0,0.0,37.0,2013.0,12.0,470922.0,0.0,99.0,22.0,197.0,3.0,3.0,0.0,99.0,3.0,1.0,99.0,18.0,0
298,298,,,,,36.26119722,-86.73841667,,,,,,,,,,,,,,,,,,,,,,,,,,,,,,,,,,,,,,crash,5.0,1760.0,0000000,1.0,1.0,12.0,20.0,0.0,99.0,1.0,0.0,99.0,47.0,0.0,I-65,,8.0,0.0,0.0,1.0,99.0,1.0,0.0,1.0,0.0,37.0,2013.0,11.0,470924.0,28.0,99.0,7.0,164.0,1.0,3.0,0.0,99.0,3.0,1.0,99.0,21.0,2
299,299,,,,,36.0721,-86.73291111,,,,,,,,,,,,,,,,,,,,,,,,,,,,,,,,,,,,,,crash,6.0,1760.0,0000000,6.0,10.0,12.0,57.0,0.0,99.0,10.0,0.0,99.0,47.0,0.0,EDMONDSON PK,WHISPERING HILLS DR,8.0,0.0,0.0,1.0,99.0,6.0,0.0,1.0,0.0,37.0,2013.0,12.0,470925.0,0.0,99.0,8.0,43.0,1.0,3.0,0.0,99.0,3.0,0.0,99.0,20.0,0
300,300,,,,,36.16918056,-86.80856944,,,,,,,,,,,,,,,,,,,,,,,,,,,,,,,,,,,,,,crash,5.0,1760.0,0000000,0.0,1.0,33.0,57.0,0.0,99.0,1.0,0.0,99.0,47.0,0.0,JEFFERSON ST,,3.0,0.0,0.0,1.0,99.0,6.0,0.0,4.0,0.0,37.0,2013.0,12.0,470926.0,20.0,99.0,0.0,22.0,3.0,2.0,0.0,99.0,1.0,0.0,99.0,26.0,1
301,301,,,,,36.18337222,-86.74856111,,,,,,,,,,,,,,,,,,,,,,,,,,,,,,,,,,,,,,crash,3.0,1760.0,0000000,0.0,99.0,8.0,6.0,0.0,99.0,99.0,1.0,99.0,47.0,0.0,GALLATIN AVE,W EASTLAND AVE,1.0,0.0,0.0,1.0,99.0,6.0,0.0,1.0,0.0,37.0,2013.0,12.0,470930.0,0.0,99.0,15.0,13.0,1.0,1.0,0.0,99.0,1.0,0.0,99.0,10.0,1
302,302,,,,,36.06683056,-86.6867,,,,,,,,,,,,,,,,,,,,,,,,,,,,,,,,,,,,,,crash,5.0,1760.0,0000000,0.0,10.0,17.0,3.0,0.0,99.0,10.0,0.0,99.0,47.0,0.0,I-24,,1.0,0.0,0.0,1.0,99.0,1.0,0.0,4.0,0.0,37.0,2014.0,2.0,470159.0,0.0,99.0,18.0,220.0,3.0,1.0,0.0,99.0,1.0,1.0,99.0,20.0,0
303,303,,,,,36.1388,-86.8118,,,,,,,,,,,,,,,,,,,,,,,,,,,,,,,,,,,,,,crash,6.0,1760.0,0000000,0.0,1.0,1.0,99.0,0.0,88.0,1.0,0.0,99.0,47.0,0.0,31ST AVE S,,1.0,0.0,0.0,1.0,99.0,6.0,1.0,1.0,0.0,37.0,2014.0,1.0,470205.0,0.0,99.0,99.0,4.0,3.0,1.0,0.0,88.0,1.0,0.0,99.0,31.0,1
304,304,,,,,36.14156944,-86.74058056,,,,,,,,,,,,,,,,,,,,,,,,,,,,,,,,,,,,,,crash,2.0,1760.0,0000000,1.0,10.0,12.0,6.0,0.0,99.0,10.0,0.0,99.0,47.0,0.0,US-41/70S SR-1 MURFREESBORO RD,FOSTER AVE,2.0,0.0,0.0,1.0,99.0,2.0,0.0,1.0,0.0,37.0,2014.0,2.0,470221.0,0.0,99.0,17.0,203.0,5.0,2.0,0.0,99.0,2.0,1.0,99.0,3.0,1
305,305,,,,,36.1621,-86.78263056,,,,,,,,,,,,,,,,,,,,,,,,,,,,,,,,,,,,,,crash,5.0,1760.0,0000000,6.0,1.0,12.0,16.0,0.0,88.0,1.0,1.0,99.0,47.0,0.0,CHURCH ST,7TH AVE N,3.0,0.0,0.0,1.0,99.0,6.0,0.0,1.0,0.0,37.0,2014.0,2.0,470227.0,0.0,99.0,13.0,1.0,1.0,2.0,0.0,88.0,2.0,0.0,99.0,27.0,1
306,306,,,,,36.24665,-86.72118889,,,,,,,,,,,,,,,,,,,,,,,,,,,,,,,,,,,,,,crash,7.0,1760.0,0000000,0.0,1.0,15.0,55.0,0.0,88.0,1.0,1.0,99.0,47.0,0.0,US-31E SR-6 GALLATIN PK,BERKLEY DR,2.0,0.0,0.0,1.0,99.0,2.0,0.0,1.0,0.0,37.0,2014.0,4.0,470282.0,0.0,99.0,21.0,173.0,3.0,1.0,0.0,88.0,1.0,1.0,99.0,19.0,2
307,307,,,,,36.26378056,-86.71891944,,,,,,,,,,,,,,,,,,,,,,,,,,,,,,,,,,,,,,crash,7.0,1760.0,0000000,6.0,1.0,12.0,41.0,0.0,99.0,1.0,0.0,99.0,47.0,0.0,SR-45 OLD HICKORY BLVD,,6.0,0.0,0.0,1.0,99.0,3.0,0.0,1.0,0.0,37.0,2014.0,4.0,470287.0,0.0,99.0,20.0,68.0,2.0,4.0,0.0,99.0,4.0,1.0,99.0,12.0,2
308,308,,,,,36.08533889,-86.70145,,,,,,,,,,,,,,,,,,,,,,,,,,,,,,,,,,,,,,crash,4.0,1760.0,0000000,0.0,1.0,8.0,4.0,0.0,99.0,1.0,1.0,99.0,47.0,0.0,SR-255 RAMP,,1.0,0.0,0.0,1.0,99.0,3.0,1.0,1.0,0.0,37.0,2014.0,4.0,470288.0,0.0,99.0,23.0,43.0,3.0,1.0,0.0,99.0,1.0,1.0,99.0,16.0,0
309,309,,,,,36.06278056,-86.62628056,,,,,,,,,,,,,,,,,,,,,,,,,,,,,,,,,,,,,,crash,4.0,1760.0,0000000,0.0,1.0,8.0,52.0,0.0,88.0,1.0,1.0,99.0,47.0,0.0,US-41/70S SR-1 MURFREESBORO RD,,1.0,0.0,0.0,1.0,99.0,2.0,0.0,1.0,0.0,37.0,2014.0,1.0,470331.0,0.0,99.0,17.0,289.0,3.0,1.0,0.0,88.0,1.0,1.0,99.0,8.0,0
310,310,,,,,36.02833889,-86.59048056,,,,,,,,,,,,,,,,,,,,,,,,,,,,,,,,,,,,,,crash,4.0,1760.0,0000000,0.0,1.0,30.0,13.0,0.0,88.0,1.0,0.0,99.0,47.0,0.0,US-41/70S SR-1 MURFREESBORO RD,,1.0,0.0,0.0,1.0,99.0,2.0,1.0,4.0,0.0,37.0,2014.0,5.0,470334.0,0.0,99.0,2.0,320.0,3.0,1.0,0.0,88.0,1.0,1.0,99.0,7.0,0
311,311,,,,,36.21005,-86.90468056,,,,,,,,,,,,,,,,,,,,,,,,,,,,,,,,,,,,,,crash,1.0,1760.0,0000000,0.0,1.0,33.0,2.0,0.0,99.0,1.0,0.0,99.0,47.0,0.0,SR-12 ASHLAND CITY HWY,,2.0,0.0,0.0,1.0,99.0,3.0,0.0,4.0,0.0,37.0,2014.0,5.0,470350.0,0.0,99.0,18.0,84.0,1.0,1.0,0.0,99.0,1.0,0.0,99.0,25.0,3
312,312,,,,,36.0429,-86.78168056,,,,,,,,,,,,,,,,,,,,,,,,,,,,,,,,,,,,,,crash,7.0,1760.0,0000000,0.0,1.0,8.0,48.0,0.0,88.0,1.0,1.0,99.0,47.0,19.0,I-65,,2.0,27.0,0.0,1.0,99.0,1.0,0.0,1.0,0.0,37.0,2014.0,5.0,470362.0,1.0,99.0,9.0,6.0,1.0,2.0,0.0,88.0,2.0,1.0,99.0,10.0,0
313,313,,,,,36.2181,-86.80571944,,,,,,,,,,,,,,,,,,,,,,,,,,,,,,,,,,,,,,crash,4.0,1760.0,0000000,0.0,10.0,35.0,50.0,0.0,99.0,10.0,0.0,99.0,47.0,0.0,MOORMANS ARM RD,,2.0,0.0,0.0,1.0,99.0,6.0,1.0,4.0,0.0,37.0,2014.0,5.0,470395.0,0.0,99.0,0.0,7.0,3.0,1.0,0.0,99.0,1.0,0.0,99.0,28.0,1
314,314,,,,,36.23881944,-86.72391111,,,,,,,,,,,,,,,,,,,,,,,,,,,,,,,,,,,,,,crash,3.0,1760.0,0000000,0.0,1.0,8.0,39.0,0.0,99.0,1.0,1.0,99.0,47.0,0.0,US-31E SR-6 GALLATIN PK,WALTON LN,1.0,0.0,0.0,1.0,99.0,2.0,0.0,1.0,0.0,37.0,2014.0,5.0,470418.0,0.0,99.0,21.0,168.0,3.0,1.0,0.0,99.0,1.0,1.0,99.0,6.0,2
315,315,,,,,36.07523889,-86.91853889,,,,,,,,,,,,,,,,,,,,,,,,,,,,,,,,,,,,,,crash,5.0,1760.0,0000000,6.0,1.0,12.0,26.0,0.0,88.0,1.0,0.0,99.0,47.0,0.0,US-70S SR-1 MEMPHIS-BRISTOL HW,,2.0,0.0,0.0,1.0,99.0,2.0,0.0,1.0,0.0,37.0,2014.0,6.0,470432.0,0.0,99.0,12.0,77.0,1.0,2.0,0.0,88.0,2.0,1.0,99.0,19.0,3
316,316,,,,,36.13058889,-86.86998056,,,,,,,,,,,,,,,,,,,,,,,,,,,,,,,,,,,,,,crash,5.0,1760.0,0000000,0.0,1.0,58.0,99.0,0.0,88.0,1.0,0.0,99.0,47.0,0.0,WILSONIA AVE,HICKORY VALLEY RD,1.0,0.0,0.0,1.0,99.0,6.0,1.0,4.0,0.0,37.0,2014.0,7.0,470462.0,0.0,99.0,99.0,1.0,3.0,1.0,0.0,88.0,1.0,0.0,99.0,17.0,3
317,317,,,,,36.23421944,-86.80243889,,,,,,,,,,,,,,,,,,,,,,,,,,,,,,,,,,,,,,crash,4.0,1760.0,0000000,0.0,1.0,24.0,22.0,0.0,88.0,1.0,0.0,99.0,47.0,0.0,SR-155 BRILEY PKWY,,1.0,0.0,0.0,1.0,99.0,3.0,0.0,4.0,0.0,37.0,2014.0,7.0,470473.0,0.0,99.0,0.0,181.0,2.0,1.0,0.0,88.0,1.0,1.0,99.0,23.0,1
318,318,,,,,36.2027,-86.73895,,,,,,,,,,,,,,,,,,,,,,,,,,,,,,,,,,,,,,crash,6.0,1760.0,0000000,0.0,1.0,8.0,47.0,0.0,99.0,1.0,1.0,99.0,47.0,0.0,GALLATIN PK,,1.0,0.0,0.0,1.0,99.0,6.0,0.0,1.0,0.0,37.0,2014.0,6.0,470482.0,0.0,99.0,23.0,27.0,3.0,1.0,0.0,99.0,1.0,0.0,99.0,20.0,2
319,319,,,,,36.19251111,-86.82935,,,,,,,,,,,,,,,,,,,,,,,,,,,,,,,,,,,,,,crash,2.0,1760.0,0000000,0.0,1.0,8.0,45.0,0.0,88.0,1.0,1.0,99.0,47.0,0.0,US-41A SR-12 CLARKSVILLE PK,,1.0,0.0,0.0,1.0,99.0,2.0,0.0,1.0,0.0,37.0,2014.0,6.0,470485.0,0.0,99.0,22.0,38.0,3.0,1.0,0.0,88.0,1.0,1.0,99.0,2.0,1
320,320,,,,,36.07313056,-86.92071111,,,,,,,,,,,,,,,,,,,,,,,,,,,,,,,,,,,,,,crash,2.0,1760.0,0000000,0.0,1.0,8.0,5.0,0.0,99.0,1.0,1.0,99.0,47.0,0.0,OLD HICKORY BLVD,,1.0,0.0,0.0,1.0,99.0,6.0,0.0,1.0,0.0,37.0,2014.0,6.0,470499.0,0.0,99.0,18.0,1.0,1.0,1.0,0.0,99.0,1.0,1.0,99.0,2.0,3
321,321,,,,,36.05288889,-86.68778056,,,,,,,,,,,,,,,,,,,,,,,,,,,,,,,,,,,,,,crash,1.0,1760.0,0000000,0.0,1.0,33.0,34.0,0.0,99.0,1.0,0.0,99.0,47.0,0.0,TUSCULUM RD,,1.0,0.0,0.0,1.0,99.0,6.0,0.0,4.0,0.0,37.0,2014.0,6.0,470500.0,0.0,99.0,19.0,17.0,1.0,1.0,0.0,99.0,1.0,0.0,99.0,22.0,0
322,322,,,,,36.18056944,-86.59518056,,,,,,,,,,,,,,,,,,,,,,,,,,,,,,,,,,,,,,crash,3.0,1760.0,0000000,0.0,1.0,30.0,24.0,0.0,99.0,1.0,0.0,99.0,47.0,0.0,TULIP GROVE RD,,1.0,0.0,0.0,1.0,99.0,6.0,0.0,4.0,0.0,37.0,2014.0,6.0,470501.0,0.0,99.0,14.0,6.0,1.0,1.0,0.0,99.0,1.0,0.0,99.0,3.0,4
323,323,,,,,36.2288,-86.78036111,,,,,,,,,,,,,,,,,,,,,,,,,,,,,,,,,,,,,,crash,3.0,1760.0,0000000,1.0,1.0,12.0,35.0,0.0,99.0,1.0,0.0,99.0,47.0,0.0,I-24,,9.0,0.0,1.0,1.0,99.0,1.0,0.0,1.0,0.0,37.0,2014.0,7.0,470541.0,0.0,99.0,13.0,123.0,1.0,4.0,0.0,99.0,4.0,1.0,99.0,8.0,2
324,324,,,,,36.02856111,-86.58243889,,,,,,,,,,,,,,,,,,,,,,,,,,,,,,,,,,,,,,crash,2.0,1760.0,0000000,0.0,1.0,33.0,22.0,0.0,88.0,1.0,0.0,99.0,47.0,0.0,HICKORY WOODS DR,,1.0,0.0,0.0,1.0,99.0,6.0,1.0,4.0,0.0,37.0,2014.0,8.0,470542.0,0.0,99.0,20.0,4.0,3.0,1.0,0.0,88.0,1.0,0.0,99.0,4.0,0
325,325,,,,,36.11495,-86.73905,,,,,,,,,,,,,,,,,,,,,,,,,,,,,,,,,,,,,,crash,7.0,1760.0,0000000,0.0,1.0,1.0,46.0,0.0,88.0,1.0,0.0,99.0,47.0,0.0,WHITSETT RD,STERLING BOONE DR,1.0,0.0,0.0,1.0,99.0,6.0,1.0,1.0,0.0,37.0,2014.0,7.0,470593.0,0.0,99.0,23.0,5.0,3.0,1.0,0.0,88.0,1.0,0.0,99.0,12.0,0