,Unnamed: 0,raw_row_number,date,time,location,lat,lng,precinct,reporting_area,zone,subject_age,subject_race,subject_sex,officer_id_hash,type,violation,arrest_made,citation_issued,warning_issued,outcome,contraband_found,contraband_drugs,contraband_weapons,frisk_performed,search_conducted,search_person,search_vehicle,search_basis,reason_for_stop,vehicle_registration_state,notes,raw_verbal_warning_issued,raw_written_warning_issued,raw_traffic_citation_issued,raw_misd_state_citation_issued,raw_suspect_ethnicity,raw_driver_searched,raw_passenger_searched,raw_search_consent,raw_search_arrest,raw_search_warrant,raw_search_inventory,raw_search_plain_view,geometry,source,DAY_WEEK,CITY,RAIL,MAN_COLL,WEATHER1,HARM_EV,MINUTE,WEATHER2,HOSP_HR,WEATHER,PEDS,ARR_HOUR,STATE,CF2,TWAY_ID,TWAY_ID2,PERSONS,CF3,WRK_ZONE,FATALS,NOT_MIN,ROUTE,DRUNK_DR,REL_ROAD,SCH_BUS,COUNTY,YEAR,MONTH,ST_CASE,CF1,NOT_HOUR,HOUR,MILEPT,LGT_COND,VE_TOTAL,SP_JUR,HOSP_MN,VE_FORMS,NHS,ARR_MIN,DAY,cluster_label
435,435,,,,,36.04573889,-86.67435,,,,,,,,,,,,,,,,,,,,,,,,,,,,,,,,,,,,,,crash,2.0,1760.0,0000000,6.0,1.0,12.0,3.0,0.0,99.0,1.0,0.0,99.0,47.0,0.0,SR-254 BELL RD,BLUE HOLE RD,11.0,0.0,0.0,1.0,99.0,3.0,0.0,1.0,0.0,37.0,2016.0,4.0,470393.0,0.0,99.0,18.0,140.0,1.0,6.0,0.0,99.0,6.0,1.0,99.0,18.0,0
436,436,,,,,36.13343056,-86.81938889,,,,,,,,,,,,,,,,,,,,,,,,,,,,,,,,,,,,,,crash,6.0,1760.0,0000000,0.0,1.0,8.0,4.0,0.0,99.0,1.0,1.0,99.0,47.0,0.0,I-440 PKWY,,1.0,0.0,0.0,1.0,99.0,1.0,0.0,8.0,0.0,37.0,2016.0,4.0,470402.0,0.0,99.0,20.0,18.0,3.0,1.0,0.0,99.0,1.0,1.0,99.0,22.0,1
437,437,,,,,36.17086944,-86.80436944,,,,,,,,,,,,,,,,,,,,,,,,,,,,,,,,,,,,,,crash,1.0,1760.0,0000000,7.0,1.0,12.0,20.0,0.0,99.0,1.0,0.0,99.0,47.0,0.0,I-40,,3.0,0.0,0.0,1.0,99.0,1.0,1.0,1.0,0.0,37.0,2016.0,6.0,470411.0,0.0,99.0,20.0,160.0,5.0,2.0,0.0,99.0,2.0,1.0,99.0,12.0,1
438,438,,,,,36.04288611,-86.60653889,,,,,,,,,,,,,,,,,,,,,,,,,,,,,,,,,,,,,,crash,2.0,1760.0,0000000,6.0,10.0,12.0,15.0,0.0,88.0,10.0,0.0,99.0,47.0,0.0,US-41/70S MURFREESBORO RD,SR-171 HOBSON PK/OLD HICKORY B,3.0,0.0,0.0,1.0,99.0,2.0,0.0,1.0,0.0,37.0,2016.0,5.0,470426.0,14.0,99.0,5.0,307.0,3.0,3.0,0.0,88.0,3.0,1.0,99.0,2.0,0
439,439,,,,,36.11108056,-86.75446944,,,,,,,,,,,,,,,,,,,,,,,,,,,,,,,,,,,,,,crash,2.0,1760.0,0000000,0.0,1.0,5.0,19.0,0.0,88.0,1.0,0.0,99.0,47.0,0.0,SR-155 THOMPSON LN,EUGENIA AVE,2.0,0.0,0.0,1.0,99.0,3.0,0.0,1.0,0.0,37.0,2016.0,5.0,470433.0,14.0,99.0,14.0,11.0,1.0,2.0,0.0,88.0,2.0,1.0,99.0,16.0,0
440,440,,,,,36.25341944,-86.96896111,,,,,,,,,,,,,,,,,,,,,,,,,,,,,,,,,,,,,,crash,6.0,1760.0,0000000,0.0,1.0,17.0,55.0,0.0,99.0,1.0,0.0,99.0,47.0,0.0,LITTLE MARROWBONE RD,,1.0,0.0,0.0,1.0,99.0,6.0,0.0,4.0,0.0,37.0,2016.0,4.0,470441.0,0.0,99.0,18.0,4.0,5.0,1.0,0.0,99.0,1.0,0.0,99.0,22.0,3
441,441,,,,,36.05278889,-86.67198056,,,,,,,,,,,,,,,,,,,,,,,,,,,,,,,,,,,,,,crash,3.0,1760.0,0000000,0.0,1.0,52.0,41.0,0.0,88.0,1.0,0.0,99.0,47.0,0.0,I-24,,1.0,0.0,0.0,1.0,99.0,1.0,0.0,4.0,0.0,37.0,2016.0,5.0,470470.0,0.0,99.0,19.0,230.0,1.0,1.0,0.0,88.0,1.0,1.0,99.0,31.0,0
442,442,,,,,36.0453,-86.70168056,,,,,,,,,,,,,,,,,,,,,,,,,,,,,,,,,,,,,,crash,3.0,1760.0,0000000,6.0,1.0,12.0,28.0,0.0,99.0,1.0,0.0,99.0,47.0,0.0,SR-254 BELL RD OLD HICKORY BLV,BENZING RD,2.0,0.0,0.0,1.0,99.0,3.0,1.0,1.0,0.0,37.0,2016.0,5.0,470471.0,0.0,99.0,14.0,123.0,1.0,2.0,0.0,99.0,2.0,1.0,99.0,31.0,0
443,443,,,,,36.14896944,-86.77913889,,,,,,,,,,,,,,,,,,,,,,,,,,,,,,,,,,,,,,crash,6.0,1760.0,0000000,2.0,2.0,12.0,24.0,0.0,99.0,2.0,0.0,99.0,47.0,0.0,US-31/41 SR-6 ROSA L. PARKS BL,,2.0,0.0,0.0,1.0,99.0,2.0,0.0,1.0,0.0,37.0,2016.0,6.0,470493.0,0.0,99.0,21.0,81.0,3.0,2.0,0.0,99.0,2.0,1.0,99.0,3.0,1
444,444,,,,,36.03976944,-86.81498056,,,,,,,,,,,,,,,,,,,,,,,,,,,,,,,,,,,,,,crash,4.0,1760.0,0000000,1.0,1.0,12.0,37.0,0.0,99.0,1.0,0.0,99.0,47.0,0.0,SR-254 OLD HICKORY BLVD,GRANNY WHITE PK,4.0,0.0,0.0,1.0,99.0,3.0,0.0,1.0,0.0,37.0,2016.0,6.0,470494.0,0.0,99.0,16.0,55.0,1.0,2.0,0.0,99.0,2.0,1.0,99.0,8.0,3
445,445,,,,,36.14758056,-86.77835,,,,,,,,,,,,,,,,,,,,,,,,,,,,,,,,,,,,,,crash,7.0,1760.0,0000000,0.0,1.0,24.0,25.0,0.0,19.0,1.0,0.0,19.0,47.0,0.0,I-65 RAMP,,1.0,0.0,0.0,1.0,25.0,1.0,0.0,3.0,0.0,37.0,2016.0,7.0,470508.0,0.0,19.0,19.0,186.0,1.0,1.0,0.0,44.0,1.0,1.0,31.0,16.0,1
446,446,,,,,36.02053889,-86.62761944,,,,,,,,,,,,,,,,,,,,,,,,,,,,,,,,,,,,,,crash,6.0,1760.0,0000000,6.0,1.0,12.0,32.0,0.0,99.0,1.0,0.0,99.0,47.0,0.0,I-24,,3.0,0.0,0.0,1.0,99.0,1.0,1.0,1.0,0.0,37.0,2016.0,5.0,470516.0,0.0,99.0,20.0,264.0,2.0,2.0,0.0,99.0,2.0,1.0,99.0,6.0,0
447,447,,,,,36.13776111,-86.9494,,,,,,,,,,,,,,,,,,,,,,,,,,,,,,,,,,,,,,crash,4.0,1760.0,0000000,0.0,10.0,5.0,15.0,0.0,19.0,10.0,0.0,19.0,47.0,14.0,SR-251 RIVER RD PK,,3.0,0.0,0.0,1.0,15.0,3.0,0.0,1.0,0.0,37.0,2016.0,7.0,470529.0,1.0,19.0,19.0,60.0,5.0,2.0,0.0,56.0,2.0,0.0,33.0,20.0,3
448,448,,,,,36.09176944,-86.83423889,,,,,,,,,,,,,,,,,,,,,,,,,,,,,,,,,,,,,,crash,7.0,1760.0,0000000,0.0,2.0,34.0,32.0,0.0,99.0,2.0,0.0,99.0,47.0,0.0,HARDING PL,,3.0,0.0,0.0,1.0,99.0,6.0,0.0,4.0,0.0,37.0,2016.0,8.0,470575.0,0.0,99.0,17.0,23.0,1.0,1.0,0.0,99.0,1.0,0.0,99.0,6.0,3
449,449,,,,,36.15908889,-86.82233889,,,,,,,,,,,,,,,,,,,,,,,,,,,,,,,,,,,,,,crash,4.0,1760.0,0000000,0.0,1.0,8.0,17.0,0.0,23.0,1.0,1.0,23.0,47.0,0.0,CLIFTON AVE,,1.0,0.0,0.0,1.0,17.0,6.0,0.0,1.0,0.0,37.0,2016.0,8.0,470605.0,0.0,23.0,23.0,7.0,3.0,1.0,0.0,35.0,1.0,0.0,21.0,24.0,1
450,450,,,,,36.1675,-86.8161,,,,,,,,,,,,,,,,,,,,,,,,,,,,,,,,,,,,,,crash,7.0,1760.0,0000000,0.0,1.0,8.0,35.0,0.0,88.0,1.0,1.0,22.0,47.0,0.0,I-40,,2.0,0.0,0.0,1.0,35.0,1.0,0.0,1.0,0.0,37.0,2016.0,8.0,470606.0,0.0,22.0,22.0,153.0,2.0,1.0,0.0,88.0,1.0,1.0,42.0,27.0,1
451,451,,,,,36.03931111,-86.72906111,,,,,,,,,,,,,,,,,,,,,,,,,,,,,,,,,,,,,,crash,1.0,1760.0,0000000,2.0,1.0,12.0,30.0,0.0,22.0,1.0,0.0,21.0,47.0,0.0,SR-254 OLD HICKORY BLVD,,3.0,0.0,0.0,1.0,29.0,3.0,0.0,1.0,0.0,37.0,2016.0,7.0,470610.0,0.0,21.0,21.0,105.0,3.0,2.0,0.0,5.0,2.0,1.0,32.0,31.0,0
452,452,,,,,36.1528,-86.70046944,,,,,,,,,,,,,,,,,,,,,,,,,,,,,,,,,,,,,,crash,5.0,1760.0,0000000,0.0,1.0,21.0,51.0,0.0,1.0,1.0,0.0,0.0,47.0,0.0,ACORN DR,,1.0,0.0,0.0,1.0,51.0,6.0,0.0,4.0,0.0,37.0,2016.0,9.0,470618.0,0.0,0.0,0.0,12.0,2.0,1.0,0.0,20.0,1.0,0.0,58.0,1.0,4
453,453,,,,,36.15058889,-86.86531944,,,,,,,,,,,,,,,,,,,,,,,,,,,,,,,,,,,,,,crash,4.0,1760.0,0000000,0.0,1.0,1.0,30.0,0.0,4.0,1.0,0.0,4.0,47.0,0.0,I-40,,1.0,0.0,0.0,1.0,28.0,1.0,1.0,1.0,0.0,37.0,2016.0,8.0,470633.0,0.0,4.0,4.0,121.0,3.0,1.0,0.0,52.0,1.0,1.0,42.0,3.0,3
454,454,,,,,36.22811111,-86.77241944,,,,,,,,,,,,,,,,,,,,,,,,,,,,,,,,,,,,,,crash,5.0,1760.0,0000000,0.0,1.0,34.0,5.0,0.0,88.0,1.0,0.0,99.0,47.0,0.0,I-65,,1.0,0.0,0.0,1.0,99.0,1.0,1.0,3.0,0.0,37.0,2016.0,8.0,470634.0,0.0,99.0,19.0,132.0,3.0,1.0,0.0,88.0,1.0,1.0,99.0,4.0,2
455,455,,,,,36.20885,-86.83351111,,,,,,,,,,,,,,,,,,,,,,,,,,,,,,,,,,,,,,crash,1.0,1760.0,0000000,0.0,99.0,38.0,99.0,0.0,88.0,99.0,0.0,13.0,47.0,0.0,W HAMILTON RD,,1.0,0.0,0.0,1.0,19.0,6.0,1.0,4.0,0.0,37.0,2016.0,9.0,470635.0,0.0,13.0,99.0,4.0,9.0,1.0,0.0,88.0,1.0,0.0,30.0,4.0,1
456,456,,,,,36.22813889,-86.84626944,,,,,,,,,,,,,,,,,,,,,,,,,,,,,,,,,,,,,,crash,2.0,1760.0,0000000,0.0,1.0,14.0,1.0,0.0,13.0,1.0,0.0,13.0,47.0,0.0,SR-155 BRILEY PKWY,,1.0,0.0,0.0,1.0,1.0,3.0,0.0,2.0,0.0,37.0,2016.0,5.0,470649.0,0.0,13.0,13.0,207.0,1.0,2.0,0.0,45.0,1.0,1.0,16.0,30.0,1
457,457,,,,,36.05958056,-86.64106111,,,,,,,,,,,,,,,,,,,,,,,,,,,,,,,,,,,,,,crash,1.0,1760.0,0000000,6.0,1.0,12.0,2.0,0.0,99.0,1.0,0.0,99.0,47.0,0.0,SR-254 BELL RD,,3.0,0.0,0.0,1.0,99.0,3.0,0.0,1.0,0.0,37.0,2016.0,8.0,470660.0,0.0,99.0,3.0,164.0,3.0,2.0,0.0,99.0,2.0,1.0,99.0,28.0,0
458,458,,,,,36.1708,-86.80451111,,,,,,,,,,,,,,,,,,,,,,,,,,,,,,,,,,,,,,crash,2.0,1760.0,0000000,0.0,1.0,8.0,8.0,0.0,88.0,1.0,1.0,0.0,47.0,0.0,I-40,,1.0,0.0,0.0,1.0,8.0,1.0,0.0,1.0,0.0,37.0,2016.0,9.0,470664.0,0.0,0.0,0.0,161.0,3.0,1.0,0.0,88.0,1.0,1.0,14.0,19.0,1
459,459,,,,,36.0875,-86.70085,,,,,,,,,,,,,,,,,,,,,,,,,,,,,,,,,,,,,,crash,1.0,1760.0,0000000,0.0,1.0,1.0,14.0,0.0,19.0,1.0,0.0,19.0,47.0,0.0,I-24 RAMP,,4.0,0.0,0.0,2.0,14.0,1.0,1.0,2.0,0.0,37.0,2016.0,9.0,470666.0,0.0,19.0,19.0,201.0,5.0,1.0,0.0,39.0,1.0,1.0,18.0,11.0,0
460,460,,,,,36.04713056,-86.7178,,,,,,,,,,,,,,,,,,,,,,,,,,,,,,,,,,,,,,crash,2.0,1760.0,0000000,0.0,1.0,8.0,28.0,0.0,99.0,1.0,2.0,99.0,47.0,0.0,NONE,,2.0,0.0,0.0,1.0,99.0,8.0,0.0,1.0,0.0,37.0,2016.0,8.0,470678.0,0.0,99.0,17.0,0.0,1.0,1.0,0.0,99.0,1.0,0.0,99.0,15.0,0
461,461,,,,,36.28955,-86.80958889,,,,,,,,,,,,,,,,,,,,,,,,,,,,,,,,,,,,,,crash,3.0,1760.0,0000000,0.0,1.0,1.0,21.0,0.0,88.0,1.0,0.0,2.0,47.0,0.0,I-24,,1.0,0.0,0.0,1.0,20.0,1.0,1.0,3.0,0.0,37.0,2016.0,9.0,470685.0,0.0,2.0,2.0,75.0,3.0,1.0,0.0,88.0,1.0,1.0,29.0,27.0,2
462,462,,,,,36.21721944,-86.74748889,,,,,,,,,,,,,,,,,,,,,,,,,,,,,,,,,,,,,,crash,2.0,1760.0,0000000,2.0,10.0,12.0,29.0,0.0,12.0,10.0,0.0,11.0,47.0,0.0,US-31E SR-6 ELLINGTON PKWY,,2.0,0.0,0.0,1.0,31.0,2.0,0.0,1.0,0.0,37.0,2016.0,9.0,470692.0,0.0,11.0,11.0,139.0,1.0,2.0,0.0,9.0,2.0,1.0,38.0,26.0,2
463,463,,,,,36.19053056,-86.74541111,,,,,,,,,,,,,,,,,,,,,,,,,,,,,,,,,,,,,,crash,7.0,1760.0,0000000,0.0,1.0,8.0,12.0,0.0,19.0,1.0,1.0,19.0,47.0,0.0,GALLATIN AVE,,1.0,0.0,0.0,1.0,12.0,6.0,0.0,1.0,0.0,37.0,2016.0,10.0,470704.0,0.0,19.0,19.0,18.0,3.0,1.0,0.0,34.0,1.0,0.0,17.0,1.0,1
464,464,,,,,36.0672,-86.63103056,,,,,,,,,,,,,,,,,,,,,,,,,,,,,,,,,,,,,,crash,4.0,1760.0,0000000,0.0,1.0,8.0,17.0,0.0,88.0,1.0,1.0,23.0,47.0,0.0,US-41 SR-1 MURFREESBORO RD,,1.0,0.0,0.0,1.0,17.0,2.0,0.0,1.0,0.0,37.0,2016.0,10.0,470710.0,0.0,23.0,23.0,285.0,3.0,1.0,0.0,88.0,1.0,1.0,27.0,5.0,0
465,465,,,,,36.06701111,-86.72501944,,,,,,,,,,,,,,,,,,,,,,,,,,,,,,,,,,,,,,crash,2.0,1760.0,0000000,0.0,1.0,42.0,37.0,0.0,88.0,1.0,0.0,11.0,47.0,0.0,NORTHCREST DR,,1.0,0.0,0.0,1.0,37.0,6.0,0.0,4.0,0.0,37.0,2016.0,10.0,470741.0,14.0,11.0,11.0,4.0,1.0,2.0,0.0,88.0,1.0,0.0,45.0,17.0,0
466,466,,,,,36.05368056,-86.77551944,,,,,,,,,,,,,,,,,,,,,,,,,,,,,,,,,,,,,,crash,1.0,1760.0,0000000,0.0,1.0,1.0,21.0,0.0,5.0,1.0,0.0,4.0,47.0,0.0,I-65,,1.0,0.0,0.0,1.0,21.0,1.0,1.0,4.0,0.0,37.0,2016.0,10.0,470749.0,0.0,4.0,4.0,14.0,2.0,1.0,0.0,11.0,1.0,1.0,31.0,16.0,0
467,467,,,,,36.05983056,-86.62303056,,,,,,,,,,,,,,,,,,,,,,,,,,,,,,,,,,,,,,crash,4.0,1760.0,0000000,0.0,1.0,9.0,40.0,0.0,88.0,1.0,1.0,99.0,47.0,0.0,US-41/70S SR-1 MURFREESBORO RD,,1.0,0.0,0.0,1.0,99.0,2.0,0.0,1.0,0.0,37.0,2016.0,10.0,470750.0,0.0,99.0,14.0,292.0,1.0,1.0,0.0,88.0,1.0,1.0,99.0,19.0,0
468,468,,,,,36.12706944,-86.72778889,,,,,,,,,,,,,,,,,,,,,,,,,,,,,,,,,,,,,,crash,7.0,1760.0,0000000,0.0,1.0,5.0,48.0,0.0,88.0,1.0,0.0,15.0,47.0,0.0,I-440 RAMP,,3.0,0.0,0.0,2.0,48.0,1.0,0.0,1.0,0.0,37.0,2016.0,10.0,470755.0,14.0,15.0,15.0,77.0,1.0,2.0,0.0,88.0,2.0,1.0,56.0,22.0,0
469,469,,,,,36.14293056,-86.70681111,,,,,,,,,,,,,,,,,,,,,,,,,,,,,,,,,,,,,,crash,2.0,1760.0,0000000,0.0,1.0,8.0,50.0,0.0,88.0,1.0,1.0,13.0,47.0,0.0,I-40,,1.0,0.0,0.0,1.0,50.0,1.0,0.0,1.0,0.0,37.0,2016.0,11.0,470857.0,0.0,13.0,13.0,228.0,1.0,1.0,0.0,88.0,1.0,1.0,57.0,21.0,0
470,470,,,,,36.20308889,-86.59161111,,,,,,,,,,,,,,,,,,,,,,,,,,,,,,,,,,,,,,crash,4.0,1760.0,0000000,0.0,1.0,1.0,99.0,0.0,88.0,1.0,0.0,23.0,47.0,0.0,TULIP GROVE RD,,1.0,0.0,0.0,1.0,30.0,6.0,1.0,1.0,0.0,37.0,2016.0,11.0,470865.0,0.0,23.0,99.0,22.0,3.0,1.0,0.0,88.0,1.0,0.0,38.0,16.0,4
471,471,,,,,36.2065,-86.77641944,,,,,,,,,,,,,,,,,,,,,,,,,,,,,,,,,,,,,,crash,6.0,1760.0,0000000,0.0,1.0,8.0,0.0,0.0,88.0,1.0,1.0,0.0,47.0,0.0,US-431 SR-65 W TRINITY LN,,1.0,0.0,0.0,1.0,0.0,2.0,0.0,1.0,0.0,37.0,2016.0,11.0,470872.0,0.0,0.0,0.0,4.0,3.0,1.0,0.0,88.0,1.0,1.0,5.0,18.0,1
472,472,,,,,36.26736111,-86.66661944,,,,,,,,,,,,,,,,,,,,,,,,,,,,,,,,,,,,,,crash,1.0,1760.0,0000000,0.0,1.0,1.0,27.0,0.0,16.0,1.0,0.0,16.0,47.0,0.0,SR-45 ROBINSON RD,,1.0,0.0,0.0,1.0,28.0,3.0,1.0,4.0,0.0,37.0,2016.0,11.0,470891.0,0.0,16.0,16.0,99.0,5.0,1.0,0.0,49.0,1.0,1.0,33.0,27.0,2
473,473,,,,,36.20486944,-86.80365,,,,,,,,,,,,,,,,,,,,,,,,,,,,,,,,,,,,,,crash,2.0,1760.0,0000000,0.0,1.0,30.0,20.0,0.0,11.0,1.0,0.0,11.0,47.0,0.0,YOUNGS LN,,1.0,0.0,0.0,1.0,20.0,6.0,1.0,4.0,0.0,37.0,2016.0,11.0,470915.0,0.0,11.0,11.0,4.0,1.0,1.0,0.0,55.0,1.0,0.0,27.0,21.0,1
474,474,,,,,36.07071944,-86.71635,,,,,,,,,,,,,,,,,,,,,,,,,,,,,,,,,,,,,,crash,1.0,1760.0,0000000,0.0,2.0,53.0,6.0,0.0,21.0,2.0,0.0,21.0,47.0,0.0,HOPEDALE DR,,2.0,0.0,0.0,1.0,6.0,6.0,0.0,4.0,0.0,37.0,2016.0,12.0,470923.0,0.0,21.0,21.0,7.0,3.0,1.0,0.0,38.0,1.0,0.0,13.0,4.0,0
475,475,,,,,36.12546111,-86.7299,,,,,,,,,,,,,,,,,,,,,,,,,,,,,,,,,,,,,,crash,1.0,1760.0,0000000,0.0,1.0,32.0,32.0,0.0,88.0,1.0,0.0,2.0,47.0,0.0,I-24 RAMP,,1.0,0.0,0.0,1.0,34.0,1.0,1.0,4.0,0.0,37.0,2016.0,12.0,470925.0,0.0,2.0,2.0,173.0,3.0,1.0,0.0,88.0,1.0,1.0,48.0,11.0,0
476,476,,,,,36.08281944,-86.72731944,,,,,,,,,,,,,,,,,,,,,,,,,,,,,,,,,,,,,,crash,1.0,1760.0,0000000,0.0,3.0,8.0,0.0,0.0,3.0,3.0,1.0,3.0,47.0,0.0,US-31A/41A SR-11 NOLENSVILLE P,,1.0,0.0,0.0,1.0,6.0,2.0,0.0,1.0,0.0,37.0,2016.0,12.0,470948.0,0.0,3.0,3.0,73.0,3.0,1.0,0.0,32.0,1.0,1.0,10.0,18.0,0
477,477,,,,,36.16991944,-86.59068056,,,,,,,,,,,,,,,,,,,,,,,,,,,,,,,,,,,,,,crash,7.0,1760.0,0000000,0.0,2.0,8.0,0.0,0.0,19.0,2.0,1.0,19.0,47.0,0.0,I-40,,3.0,0.0,0.0,1.0,6.0,1.0,0.0,2.0,0.0,37.0,2016.0,12.0,470960.0,23.0,19.0,19.0,158.0,2.0,2.0,0.0,41.0,1.0,1.0,18.0,24.0,4
478,478,,,,,36.07383889,-86.92073056,,,,,,,,,,,,,,,,,,,,,,,,,,,,,,,,,,,,,,crash,7.0,1760.0,0000000,0.0,2.0,8.0,55.0,0.0,99.0,2.0,1.0,99.0,47.0,0.0,OLD HICKORY BLVD,,1.0,0.0,0.0,1.0,99.0,6.0,0.0,1.0,0.0,37.0,2016.0,12.0,470963.0,0.0,99.0,18.0,0.0,2.0,1.0,0.0,99.0,1.0,1.0,99.0,31.0,3
479,479,,,,,36.20563056,-86.76526944,,,,,,,,,,,,,,,,,,,,,,,,,,,,,,,,,,,,,,crash,5.0,1760.0,0000000,0.0,10.0,8.0,11.0,0.0,21.0,10.0,1.0,21.0,47.0,0.0,E TRINITY LN,,1.0,0.0,0.0,1.0,12.0,6.0,0.0,1.0,0.0,37.0,2017.0,1.0,470031.0,0.0,21.0,21.0,2.0,3.0,1.0,0.0,36.0,1.0,0.0,17.0,12.0,1
480,480,,,,,36.04496111,-86.66645,,,,,,,,,,,,,,,,,,,,,,,,,,,,,,,,,,,,,,crash,4.0,1760.0,0000000,0.0,10.0,8.0,54.0,0.0,21.0,10.0,1.0,20.0,47.0,0.0,SR-254 BELL RD,,2.0,0.0,0.0,1.0,54.0,3.0,0.0,1.0,0.0,37.0,2017.0,1.0,470034.0,0.0,20.0,20.0,144.0,3.0,1.0,0.0,18.0,1.0,1.0,58.0,18.0,0
481,481,,,,,36.11498056,-86.92306111,,,,,,,,,,,,,,,,,,,,,,,,,,,,,,,,,,,,,,crash,1.0,1760.0,0000000,0.0,10.0,42.0,0.0,0.0,14.0,10.0,0.0,13.0,47.0,0.0,SR-251 OLD HICKORY BLVD,,1.0,0.0,0.0,1.0,39.0,3.0,0.0,4.0,0.0,37.0,2017.0,1.0,470041.0,0.0,13.0,14.0,87.0,1.0,1.0,0.0,15.0,1.0,1.0,48.0,22.0,3
482,482,,,,,36.09373889,-86.62485,,,,,,,,,,,,,,,,,,,,,,,,,,,,,,,,,,,,,,crash,6.0,1760.0,0000000,2.0,10.0,12.0,0.0,0.0,3.0,10.0,0.0,3.0,47.0,0.0,BELL RD,,3.0,0.0,0.0,1.0,0.0,6.0,1.0,1.0,0.0,37.0,2017.0,1.0,470052.0,0.0,3.0,3.0,17.0,3.0,2.0,0.0,53.0,2.0,0.0,15.0,27.0,4
483,483,,,,,36.2541,-86.70101111,,,,,,,,,,,,,,,,,,,,,,,,,,,,,,,,,,,,,,crash,5.0,1760.0,0000000,6.0,1.0,12.0,6.0,0.0,23.0,1.0,0.0,23.0,47.0,0.0,NEELYS BEND RD,,4.0,0.0,0.0,1.0,6.0,6.0,1.0,1.0,0.0,37.0,2017.0,2.0,470058.0,0.0,23.0,23.0,8.0,3.0,2.0,0.0,46.0,2.0,0.0,12.0,2.0,2
484,484,,,,,36.11491944,-86.69388056,,,,,,,,,,,,,,,,,,,,,,,,,,,,,,,,,,,,,,crash,2.0,1760.0,0000000,0.0,1.0,8.0,25.0,0.0,88.0,1.0,1.0,18.0,47.0,0.0,US-41 70S SR-1 MURFREESBORO RD,,1.0,0.0,0.0,1.0,25.0,2.0,0.0,1.0,0.0,37.0,2017.0,1.0,470071.0,0.0,18.0,18.0,235.0,3.0,1.0,0.0,88.0,1.0,1.0,30.0,30.0,0
485,485,,,,,36.16061111,-86.66436111,,,,,,,,,,,,,,,,,,,,,,,,,,,,,,,,,,,,,,crash,7.0,1760.0,0000000,0.0,1.0,30.0,58.0,0.0,17.0,1.0,0.0,17.0,47.0,0.0,SR-255 DONELSON PK,,1.0,0.0,0.0,1.0,58.0,3.0,0.0,4.0,0.0,37.0,2017.0,2.0,470073.0,0.0,16.0,16.0,106.0,5.0,1.0,0.0,25.0,1.0,1.0,3.0,4.0,4
486,486,,,,,36.15068889,-86.76795,,,,,,,,,,,,,,,,,,,,,,,,,,,,,,,,,,,,,,crash,7.0,1760.0,0000000,0.0,2.0,8.0,38.0,0.0,5.0,2.0,1.0,4.0,47.0,0.0,US-31A 41A SR-11 2ND AVE,US-31A 41 SR-1 LAFAYETTE ST,1.0,0.0,0.0,1.0,38.0,2.0,0.0,1.0,0.0,37.0,2017.0,2.0,470148.0,0.0,4.0,4.0,186.0,3.0,1.0,0.0,2.0,1.0,1.0,42.0,18.0,1
487,487,,,,,36.23376111,-86.72361111,,,,,,,,,,,,,,,,,,,,,,,,,,,,,,,,,,,,,,crash,6.0,1760.0,0000000,0.0,10.0,39.0,14.0,0.0,88.0,10.0,0.0,5.0,47.0,0.0,SR-155 BRILEY PKWY RAMP,,2.0,0.0,0.0,1.0,14.0,3.0,0.0,4.0,0.0,37.0,2017.0,1.0,470164.0,0.0,5.0,5.0,145.0,3.0,1.0,0.0,88.0,1.0,1.0,18.0,27.0,2
488,488,,,,,36.03875,-86.78261111,,,,,,,,,,,,,,,,,,,,,,,,,,,,,,,,,,,,,,crash,1.0,1760.0,0000000,0.0,1.0,35.0,28.0,0.0,88.0,1.0,0.0,1.0,47.0,0.0,I-65,,1.0,0.0,0.0,1.0,28.0,1.0,1.0,4.0,0.0,37.0,2017.0,3.0,470176.0,0.0,1.0,1.0,3.0,3.0,1.0,0.0,88.0,1.0,1.0,35.0,19.0,0