,Unnamed: 0,raw_row_number,date,time,location,lat,lng,precinct,reporting_area,zone,subject_age,subject_race,subject_sex,officer_id_hash,type,violation,arrest_made,citation_issued,warning_issued,outcome,contraband_found,contraband_drugs,contraband_weapons,frisk_performed,search_conducted,search_person,search_vehicle,search_basis,reason_for_stop,vehicle_registration_state,notes,raw_verbal_warning_issued,raw_written_warning_issued,raw_traffic_citation_issued,raw_misd_state_citation_issued,raw_suspect_ethnicity,raw_driver_searched,raw_passenger_searched,raw_search_consent,raw_search_arrest,raw_search_warrant,raw_search_inventory,raw_search_plain_view,geometry,source,DAY_WEEK,CITY,RAIL,MAN_COLL,WEATHER1,HARM_EV,MINUTE,WEATHER2,HOSP_HR,WEATHER,PEDS,ARR_HOUR,STATE,CF2,TWAY_ID,TWAY_ID2,PERSONS,CF3,WRK_ZONE,FATALS,NOT_MIN,ROUTE,DRUNK_DR,REL_ROAD,SCH_BUS,COUNTY,YEAR,MONTH,ST_CASE,CF1,NOT_HOUR,HOUR,MILEPT,LGT_COND,VE_TOTAL,SP_JUR,HOSP_MN,VE_FORMS,NHS,ARR_MIN,DAY,cluster_label
653,653,,,,,36.21448889,-86.73051944,,,,,,,,,,,,,,,,,,,,,,,,,,,,,,,,,,,,,,crash,4.0,1760.0,0000000,0.0,1.0,8.0,36.0,0.0,88.0,1.0,1.0,20.0,47.0,0.0,GALLATIN PK,STRATFORD AVE,1.0,0.0,0.0,1.0,37.0,6.0,0.0,1.0,0.0,37.0,2019.0,7.0,470509.0,0.0,20.0,20.0,36.0,3.0,1.0,0.0,88.0,1.0,0.0,42.0,10.0,2
654,654,,,,,36.09413056,-86.71523056,,,,,,,,,,,,,,,,,,,,,,,,,,,,,,,,,,,,,,crash,1.0,1760.0,0000000,0.0,1.0,26.0,99.0,0.0,88.0,1.0,0.0,99.0,47.0,0.0,BENITA DR,,1.0,0.0,0.0,1.0,99.0,6.0,1.0,4.0,0.0,37.0,2019.0,7.0,470511.0,0.0,99.0,99.0,9.0,2.0,1.0,0.0,88.0,1.0,0.0,99.0,7.0,0
655,655,,,,,36.15411111,-86.76175,,,,,,,,,,,,,,,,,,,,,,,,,,,,,,,,,,,,,,crash,2.0,1760.0,0000000,0.0,1.0,33.0,54.0,0.0,15.0,1.0,0.0,15.0,47.0,0.0,CHARLES E DAVIS BLVD,,1.0,0.0,0.0,1.0,50.0,6.0,0.0,4.0,0.0,37.0,2019.0,6.0,470520.0,0.0,14.0,14.0,0.0,1.0,2.0,0.0,32.0,2.0,0.0,6.0,24.0,1
656,656,,,,,36.15596944,-86.78883056,,,,,,,,,,,,,,,,,,,,,,,,,,,,,,,,,,,,,,crash,3.0,1760.0,0000000,0.0,1.0,8.0,18.0,0.0,88.0,1.0,1.0,10.0,47.0,0.0,13TH AVE S,I-40 RAMP,1.0,0.0,0.0,1.0,20.0,6.0,0.0,1.0,0.0,37.0,2019.0,7.0,470526.0,0.0,10.0,10.0,171.0,1.0,1.0,0.0,88.0,1.0,0.0,42.0,16.0,1
657,657,,,,,36.18883056,-86.77316111,,,,,,,,,,,,,,,,,,,,,,,,,,,,,,,,,,,,,,crash,3.0,1760.0,0000000,6.0,1.0,12.0,25.0,0.0,88.0,1.0,0.0,13.0,47.0,0.0,US-31W/41 SR-11 DICKERSON PK,WHITES CREEK PK,3.0,0.0,0.0,1.0,30.0,2.0,0.0,1.0,0.0,37.0,2019.0,7.0,470527.0,0.0,13.0,13.0,137.0,1.0,2.0,0.0,88.0,2.0,1.0,40.0,16.0,1
658,658,,,,,36.19626111,-86.59751111,,,,,,,,,,,,,,,,,,,,,,,,,,,,,,,,,,,,,,crash,7.0,1760.0,0000000,0.0,2.0,42.0,36.0,0.0,19.0,2.0,0.0,18.0,47.0,0.0,CHANDLER RD,,2.0,0.0,0.0,1.0,36.0,6.0,1.0,4.0,0.0,37.0,2019.0,7.0,470558.0,0.0,18.0,18.0,27.0,1.0,1.0,0.0,20.0,1.0,0.0,48.0,13.0,4
659,659,,,,,36.27678056,-86.80101111,,,,,,,,,,,,,,,,,,,,,,,,,,,,,,,,,,,,,,crash,4.0,1760.0,0000000,6.0,1.0,12.0,50.0,0.0,18.0,1.0,0.0,18.0,47.0,0.0,SR-45 OLD HICKORY BLVD,I-24 RAMP,3.0,0.0,0.0,1.0,51.0,3.0,0.0,1.0,0.0,37.0,2019.0,7.0,470560.0,0.0,17.0,17.0,19.0,1.0,2.0,0.0,17.0,2.0,0.0,1.0,24.0,2
660,660,,,,,36.12761111,-86.76223889,,,,,,,,,,,,,,,,,,,,,,,,,,,,,,,,,,,,,,crash,6.0,1760.0,0000000,6.0,1.0,12.0,16.0,0.0,19.0,1.0,0.0,19.0,47.0,0.0,CRAIGHEAD ST,,2.0,0.0,0.0,1.0,16.0,6.0,0.0,1.0,0.0,37.0,2019.0,5.0,470564.0,0.0,19.0,19.0,9.0,1.0,2.0,0.0,35.0,2.0,0.0,22.0,24.0,1
661,661,,,,,36.06981944,-86.70288056,,,,,,,,,,,,,,,,,,,,,,,,,,,,,,,,,,,,,,crash,1.0,1760.0,0000000,0.0,1.0,24.0,22.0,0.0,22.0,1.0,0.0,22.0,47.0,0.0,HAYWOOD LN,,2.0,0.0,0.0,1.0,25.0,6.0,1.0,4.0,0.0,37.0,2019.0,7.0,470571.0,0.0,22.0,22.0,10.0,3.0,2.0,0.0,58.0,2.0,0.0,37.0,28.0,0
662,662,,,,,36.24826111,-86.74278056,,,,,,,,,,,,,,,,,,,,,,,,,,,,,,,,,,,,,,crash,2.0,1760.0,0000000,1.0,1.0,12.0,52.0,0.0,19.0,1.0,0.0,19.0,47.0,0.0,I-65,,3.0,0.0,0.0,1.0,50.0,1.0,0.0,1.0,0.0,37.0,2019.0,7.0,470579.0,0.0,18.0,18.0,154.0,1.0,3.0,0.0,41.0,3.0,1.0,19.0,29.0,2
663,663,,,,,36.18946111,-86.79176111,,,,,,,,,,,,,,,,,,,,,,,,,,,,,,,,,,,,,,crash,1.0,1760.0,0000000,1.0,1.0,12.0,20.0,0.0,99.0,1.0,0.0,20.0,47.0,0.0,I-65,,3.0,0.0,0.0,1.0,20.0,1.0,0.0,1.0,0.0,37.0,2019.0,8.0,470581.0,0.0,20.0,20.0,99.0,3.0,3.0,0.0,99.0,3.0,1.0,49.0,4.0,1
664,664,,,,,36.13905,-86.73301111,,,,,,,,,,,,,,,,,,,,,,,,,,,,,,,,,,,,,,crash,3.0,1760.0,0000000,1.0,10.0,12.0,45.0,0.0,88.0,10.0,0.0,18.0,47.0,0.0,US-41/70S SR-1 MURFREESBORO RD,ARLINGTON AVE,2.0,0.0,0.0,1.0,48.0,2.0,1.0,1.0,0.0,37.0,2019.0,8.0,470600.0,0.0,18.0,18.0,207.0,1.0,2.0,0.0,88.0,2.0,1.0,52.0,6.0,1
665,665,,,,,36.21851111,-86.6955,,,,,,,,,,,,,,,,,,,,,,,,,,,,,,,,,,,,,,crash,5.0,1760.0,0000000,0.0,1.0,8.0,20.0,0.0,21.0,1.0,1.0,21.0,47.0,0.0,MUSIC VALLEY DR,,1.0,0.0,0.0,1.0,23.0,6.0,0.0,1.0,0.0,37.0,2019.0,8.0,470601.0,0.0,21.0,21.0,1.0,3.0,1.0,0.0,58.0,1.0,0.0,32.0,8.0,2
666,666,,,,,36.07708889,-86.72556111,,,,,,,,,,,,,,,,,,,,,,,,,,,,,,,,,,,,,,crash,5.0,1760.0,0000000,0.0,1.0,8.0,36.0,0.0,21.0,1.0,1.0,20.0,47.0,0.0,US-31A/41A SR-11 NOLENSVILLE P,EDMONSON PK,1.0,0.0,0.0,1.0,42.0,2.0,0.0,1.0,0.0,37.0,2019.0,8.0,470622.0,0.0,20.0,20.0,68.0,3.0,1.0,0.0,15.0,1.0,1.0,49.0,15.0,0
667,667,,,,,36.22821944,-86.85673056,,,,,,,,,,,,,,,,,,,,,,,,,,,,,,,,,,,,,,crash,5.0,1760.0,0000000,0.0,2.0,1.0,28.0,0.0,16.0,2.0,0.0,15.0,47.0,0.0,SR-155 BRILEY PKWY,,3.0,0.0,0.0,1.0,28.0,3.0,0.0,1.0,0.0,37.0,2019.0,7.0,470628.0,0.0,15.0,15.0,213.0,1.0,1.0,0.0,10.0,1.0,1.0,45.0,11.0,1
668,668,,,,,36.15345,-86.66568889,,,,,,,,,,,,,,,,,,,,,,,,,,,,,,,,,,,,,,crash,1.0,1760.0,0000000,0.0,1.0,42.0,23.0,0.0,3.0,1.0,0.0,2.0,47.0,0.0,SR-255 DONELSON PK,,4.0,0.0,0.0,2.0,23.0,3.0,0.0,4.0,0.0,37.0,2019.0,8.0,470632.0,0.0,2.0,2.0,101.0,3.0,1.0,0.0,5.0,1.0,1.0,33.0,18.0,4
669,669,,,,,36.3374,-86.77681944,,,,,,,,,,,,,,,,,,,,,,,,,,,,,,,,,,,,,,crash,4.0,1760.0,0000000,0.0,1.0,42.0,34.0,0.0,88.0,1.0,0.0,22.0,47.0,0.0,LICKTON PKE,,1.0,0.0,0.0,1.0,30.0,6.0,1.0,4.0,0.0,37.0,2019.0,8.0,470636.0,0.0,22.0,22.0,59.0,2.0,1.0,0.0,88.0,1.0,0.0,50.0,21.0,2
670,670,,,,,36.13601944,-86.7271,,,,,,,,,,,,,,,,,,,,,,,,,,,,,,,,,,,,,,crash,1.0,1760.0,0000000,0.0,1.0,1.0,12.0,0.0,4.0,1.0,0.0,4.0,47.0,0.0,I-24,,1.0,0.0,0.0,1.0,10.0,1.0,1.0,3.0,0.0,37.0,2019.0,8.0,470645.0,0.0,4.0,4.0,163.0,3.0,1.0,0.0,38.0,1.0,1.0,19.0,25.0,0
671,671,,,,,36.19083889,-86.61535,,,,,,,,,,,,,,,,,,,,,,,,,,,,,,,,,,,,,,crash,6.0,1760.0,0000000,6.0,1.0,12.0,31.0,0.0,20.0,1.0,0.0,20.0,47.0,0.0,SR-45 OLD HICKORY BLVD,OLD LEBANON DIRT RD,2.0,0.0,0.0,1.0,31.0,3.0,0.0,1.0,0.0,37.0,2019.0,8.0,470656.0,0.0,20.0,20.0,163.0,2.0,2.0,0.0,58.0,2.0,1.0,34.0,23.0,4
672,672,,,,,36.12755,-86.90148056,,,,,,,,,,,,,,,,,,,,,,,,,,,,,,,,,,,,,,crash,7.0,1760.0,0000000,0.0,1.0,24.0,20.0,0.0,23.0,1.0,0.0,23.0,47.0,0.0,I-40,,1.0,0.0,0.0,1.0,21.0,1.0,1.0,4.0,0.0,37.0,2019.0,8.0,470684.0,0.0,23.0,23.0,94.0,2.0,1.0,0.0,51.0,1.0,1.0,32.0,31.0,3
673,673,,,,,36.20931111,-86.83935,,,,,,,,,,,,,,,,,,,,,,,,,,,,,,,,,,,,,,crash,1.0,1760.0,0000000,0.0,1.0,8.0,50.0,0.0,20.0,1.0,2.0,19.0,47.0,0.0,US-41A SR-112 CLARKSVILLE PK,,1.0,0.0,0.0,1.0,50.0,2.0,0.0,1.0,0.0,37.0,2019.0,9.0,470702.0,0.0,19.0,19.0,9.0,3.0,1.0,0.0,15.0,1.0,0.0,57.0,8.0,1
674,674,,,,,36.06335,-86.62688889,,,,,,,,,,,,,,,,,,,,,,,,,,,,,,,,,,,,,,crash,6.0,1760.0,0000000,0.0,1.0,30.0,0.0,0.0,88.0,1.0,0.0,21.0,47.0,0.0,US-41/70S SR-1 MURFREESBORO PK,,1.0,0.0,0.0,1.0,0.0,2.0,0.0,4.0,0.0,37.0,2019.0,9.0,470717.0,0.0,21.0,21.0,288.0,2.0,1.0,0.0,88.0,1.0,1.0,4.0,13.0,0
675,675,,,,,36.17523889,-86.75911111,,,,,,,,,,,,,,,,,,,,,,,,,,,,,,,,,,,,,,crash,6.0,1760.0,0000000,0.0,10.0,8.0,10.0,0.0,20.0,10.0,1.0,20.0,47.0,0.0,MAIN ST,,2.0,0.0,0.0,1.0,10.0,6.0,1.0,1.0,0.0,37.0,2019.0,9.0,470763.0,0.0,20.0,20.0,3.0,3.0,1.0,0.0,31.0,1.0,0.0,16.0,27.0,1
676,676,,,,,36.13053889,-86.72713056,,,,,,,,,,,,,,,,,,,,,,,,,,,,,,,,,,,,,,crash,7.0,1760.0,0000000,6.0,1.0,12.0,20.0,0.0,23.0,1.0,0.0,22.0,47.0,0.0,I-24,,9.0,0.0,0.0,1.0,20.0,1.0,0.0,1.0,0.0,37.0,2019.0,8.0,470767.0,0.0,22.0,22.0,167.0,2.0,3.0,0.0,6.0,3.0,1.0,28.0,31.0,0
677,677,,,,,36.0737,-86.9265,,,,,,,,,,,,,,,,,,,,,,,,,,,,,,,,,,,,,,crash,2.0,1760.0,0000000,0.0,1.0,42.0,46.0,0.0,23.0,1.0,0.0,22.0,47.0,0.0,SR-70,HICKS RD,2.0,0.0,0.0,1.0,43.0,3.0,0.0,4.0,0.0,37.0,2019.0,8.0,470771.0,0.0,22.0,22.0,72.0,3.0,1.0,0.0,21.0,1.0,0.0,58.0,26.0,3
678,678,,,,,36.07223889,-86.69171944,,,,,,,,,,,,,,,,,,,,,,,,,,,,,,,,,,,,,,crash,5.0,1760.0,0000000,1.0,1.0,12.0,46.0,0.0,4.0,1.0,0.0,3.0,47.0,0.0,I-24,,2.0,0.0,0.0,1.0,46.0,1.0,1.0,1.0,0.0,37.0,2019.0,10.0,470773.0,0.0,3.0,3.0,213.0,3.0,2.0,0.0,33.0,2.0,1.0,54.0,3.0,0
679,679,,,,,36.06741111,-86.63125,,,,,,,,,,,,,,,,,,,,,,,,,,,,,,,,,,,,,,crash,7.0,1760.0,0000000,6.0,1.0,12.0,57.0,0.0,15.0,1.0,0.0,14.0,47.0,0.0,US-41/70S SR-1 MURFREESBORO PK,FOREST VIEW DR,6.0,0.0,0.0,1.0,15.0,2.0,0.0,1.0,0.0,37.0,2019.0,10.0,470796.0,0.0,14.0,13.0,285.0,1.0,2.0,0.0,20.0,2.0,0.0,36.0,5.0,0
680,680,,,,,36.16403889,-86.69893889,,,,,,,,,,,,,,,,,,,,,,,,,,,,,,,,,,,,,,crash,6.0,1760.0,0000000,2.0,1.0,12.0,15.0,0.0,15.0,1.0,0.0,14.0,47.0,0.0,US-70 SR-24 LEBANON PK,,2.0,0.0,0.0,1.0,16.0,2.0,1.0,1.0,0.0,37.0,2019.0,9.0,470812.0,0.0,14.0,14.0,175.0,1.0,2.0,0.0,0.0,2.0,1.0,28.0,27.0,4
681,681,,,,,36.15208056,-86.77926944,,,,,,,,,,,,,,,,,,,,,,,,,,,,,,,,,,,,,,crash,5.0,1760.0,0000000,0.0,1.0,8.0,29.0,0.0,88.0,1.0,1.0,8.0,47.0,0.0,US-31 SR-6 8TH AVE S,,1.0,0.0,0.0,1.0,29.0,2.0,0.0,1.0,0.0,37.0,2019.0,10.0,470815.0,0.0,8.0,8.0,83.0,1.0,1.0,0.0,88.0,1.0,1.0,32.0,10.0,1
682,682,,,,,36.04605,-86.71333889,,,,,,,,,,,,,,,,,,,,,,,,,,,,,,,,,,,,,,crash,1.0,1760.0,0000000,0.0,1.0,8.0,4.0,0.0,19.0,1.0,1.0,19.0,47.0,0.0,US-31A/41A SR-11 NOLENSVILLE P,,2.0,0.0,0.0,1.0,6.0,2.0,0.0,1.0,0.0,37.0,2019.0,9.0,470820.0,0.0,19.0,19.0,45.0,3.0,2.0,0.0,33.0,2.0,1.0,11.0,29.0,0
683,683,,,,,36.26723056,-86.79188056,,,,,,,,,,,,,,,,,,,,,,,,,,,,,,,,,,,,,,crash,5.0,1760.0,0000000,0.0,1.0,8.0,23.0,0.0,88.0,1.0,1.0,20.0,47.0,0.0,I-24,,1.0,0.0,0.0,1.0,20.0,1.0,0.0,2.0,0.0,37.0,2019.0,10.0,470833.0,23.0,20.0,20.0,93.0,2.0,1.0,0.0,88.0,1.0,1.0,36.0,3.0,2
684,684,,,,,36.23803889,-86.8308,,,,,,,,,,,,,,,,,,,,,,,,,,,,,,,,,,,,,,crash,3.0,1760.0,0000000,6.0,1.0,12.0,55.0,0.0,88.0,1.0,0.0,15.0,47.0,0.0,US-41A SR-112 CLARKSVILLE PK,STEVENS LN,6.0,0.0,0.0,1.0,0.0,2.0,0.0,1.0,0.0,37.0,2019.0,10.0,470836.0,0.0,15.0,14.0,30.0,1.0,2.0,0.0,88.0,2.0,0.0,21.0,22.0,1
685,685,,,,,36.15248056,-86.77323889,,,,,,,,,,,,,,,,,,,,,,,,,,,,,,,,,,,,,,crash,6.0,1760.0,0000000,0.0,1.0,8.0,42.0,0.0,23.0,1.0,1.0,22.0,47.0,0.0,US-31A/41 SR-1 LAFAYETTE ST,5TH AVE S,1.0,0.0,0.0,1.0,42.0,2.0,0.0,1.0,0.0,37.0,2019.0,10.0,470862.0,0.0,22.0,22.0,183.0,3.0,1.0,0.0,1.0,1.0,1.0,51.0,4.0,1
686,686,,,,,36.19801111,-86.74153056,,,,,,,,,,,,,,,,,,,,,,,,,,,,,,,,,,,,,,crash,3.0,1760.0,0000000,0.0,1.0,53.0,31.0,0.0,10.0,1.0,0.0,9.0,47.0,0.0,GALLATIN PK,FAIRWIN AVE,2.0,0.0,0.0,1.0,33.0,6.0,0.0,4.0,0.0,37.0,2019.0,10.0,470863.0,0.0,9.0,9.0,24.0,1.0,2.0,0.0,15.0,2.0,0.0,43.0,29.0,2
687,687,,,,,36.23376111,-86.83188056,,,,,,,,,,,,,,,,,,,,,,,,,,,,,,,,,,,,,,crash,5.0,1760.0,0000000,2.0,10.0,12.0,39.0,0.0,17.0,10.0,0.0,16.0,47.0,0.0,US-41A SR-112 CLARKSVILLE PK,,3.0,0.0,0.0,1.0,39.0,2.0,0.0,1.0,0.0,37.0,2019.0,10.0,470865.0,0.0,16.0,16.0,26.0,1.0,2.0,0.0,18.0,2.0,0.0,44.0,31.0,1
688,688,,,,,36.107,-86.74321944,,,,,,,,,,,,,,,,,,,,,,,,,,,,,,,,,,,,,,crash,5.0,1760.0,0000000,0.0,10.0,8.0,5.0,0.0,21.0,10.0,1.0,21.0,47.0,0.0,US-31S/41A SR-11 NOLENSVILLE P,,1.0,0.0,0.0,1.0,0.0,2.0,0.0,1.0,0.0,37.0,2019.0,10.0,470873.0,0.0,21.0,21.0,91.0,3.0,1.0,0.0,59.0,1.0,1.0,36.0,24.0,0
689,689,,,,,36.19296944,-86.80183056,,,,,,,,,,,,,,,,,,,,,,,,,,,,,,,,,,,,,,crash,2.0,1760.0,0000000,6.0,1.0,12.0,30.0,0.0,17.0,1.0,0.0,16.0,47.0,0.0,US-41A SR-12 ROSA L PARKS BLVD,ATHENS WAY,2.0,0.0,0.0,1.0,30.0,2.0,0.0,1.0,0.0,37.0,2019.0,11.0,470874.0,0.0,16.0,16.0,20.0,1.0,2.0,0.0,22.0,2.0,1.0,50.0,4.0,1
690,690,,,,,36.12435,-86.70376111,,,,,,,,,,,,,,,,,,,,,,,,,,,,,,,,,,,,,,crash,2.0,1760.0,0000000,0.0,1.0,42.0,34.0,0.0,88.0,1.0,0.0,5.0,47.0,0.0,KERMIT DR,,1.0,0.0,0.0,1.0,30.0,6.0,0.0,5.0,0.0,37.0,2019.0,11.0,470875.0,0.0,5.0,5.0,4.0,3.0,1.0,0.0,88.0,1.0,0.0,42.0,4.0,0
691,691,,,,,36.08706111,-86.73041111,,,,,,,,,,,,,,,,,,,,,,,,,,,,,,,,,,,,,,crash,1.0,1760.0,0000000,0.0,2.0,8.0,9.0,0.0,0.0,2.0,1.0,23.0,47.0,0.0,US-31A/41A SR-11 NOLENSVILLE P,,1.0,0.0,0.0,1.0,0.0,2.0,0.0,1.0,0.0,37.0,2019.0,8.0,470891.0,0.0,23.0,23.0,76.0,3.0,1.0,0.0,15.0,1.0,1.0,29.0,25.0,0
692,692,,,,,36.08208056,-86.56703056,,,,,,,,,,,,,,,,,,,,,,,,,,,,,,,,,,,,,,crash,3.0,1760.0,0000000,2.0,1.0,12.0,29.0,0.0,88.0,1.0,0.0,6.0,47.0,0.0,SR-171 HOBSON PK,,2.0,0.0,0.0,2.0,35.0,3.0,0.0,1.0,0.0,37.0,2019.0,10.0,470892.0,0.0,6.0,6.0,59.0,2.0,2.0,0.0,88.0,2.0,0.0,50.0,29.0,4
693,693,,,,,36.16145,-86.79321111,,,,,,,,,,,,,,,,,,,,,,,,,,,,,,,,,,,,,,crash,1.0,1760.0,0000000,0.0,1.0,8.0,30.0,0.0,88.0,1.0,1.0,11.0,47.0,0.0,I-40,,1.0,0.0,0.0,1.0,36.0,1.0,0.0,1.0,0.0,37.0,2019.0,11.0,470900.0,0.0,11.0,11.0,171.0,1.0,1.0,0.0,88.0,1.0,1.0,52.0,10.0,1
694,694,,,,,36.06908889,-86.6331,,,,,,,,,,,,,,,,,,,,,,,,,,,,,,,,,,,,,,crash,1.0,1760.0,0000000,0.0,1.0,8.0,0.0,0.0,22.0,1.0,1.0,21.0,47.0,0.0,US-41/70S SR-1 MURFREESBORO RD,,1.0,0.0,0.0,1.0,0.0,2.0,1.0,1.0,0.0,37.0,2019.0,11.0,470904.0,0.0,21.0,21.0,283.0,2.0,1.0,0.0,0.0,1.0,1.0,36.0,10.0,0
695,695,,,,,36.22803056,-86.84626111,,,,,,,,,,,,,,,,,,,,,,,,,,,,,,,,,,,,,,crash,5.0,1760.0,0000000,0.0,1.0,14.0,7.0,0.0,21.0,1.0,0.0,20.0,47.0,0.0,SR-155 BRILEY PKWY,,2.0,0.0,0.0,1.0,10.0,3.0,0.0,4.0,0.0,37.0,2019.0,10.0,470918.0,19.0,20.0,20.0,106.0,2.0,2.0,0.0,45.0,1.0,1.0,32.0,24.0,1
696,696,,,,,36.09831944,-86.71003889,,,,,,,,,,,,,,,,,,,,,,,,,,,,,,,,,,,,,,crash,6.0,1760.0,0000000,0.0,2.0,59.0,50.0,0.0,88.0,2.0,0.0,3.0,47.0,0.0,I-24,,1.0,0.0,0.0,1.0,50.0,1.0,0.0,4.0,0.0,37.0,2019.0,11.0,470947.0,0.0,3.0,3.0,192.0,3.0,1.0,0.0,88.0,1.0,1.0,58.0,22.0,0
697,697,,,,,36.15475,-86.76028056,,,,,,,,,,,,,,,,,,,,,,,,,,,,,,,,,,,,,,crash,4.0,1760.0,0000000,0.0,1.0,30.0,7.0,0.0,88.0,1.0,0.0,3.0,47.0,0.0,I-40,,1.0,0.0,0.0,1.0,7.0,1.0,0.0,4.0,0.0,37.0,2019.0,11.0,470948.0,0.0,3.0,3.0,195.0,3.0,1.0,0.0,88.0,1.0,1.0,22.0,27.0,1
698,698,,,,,36.08158056,-86.72695,,,,,,,,,,,,,,,,,,,,,,,,,,,,,,,,,,,,,,crash,5.0,1760.0,0000000,6.0,10.0,12.0,37.0,0.0,20.0,10.0,0.0,19.0,47.0,0.0,US-31/41A SR-11 NOLENSVILLE PK,,3.0,0.0,0.0,2.0,37.0,2.0,0.0,1.0,0.0,37.0,2019.0,11.0,470949.0,0.0,19.0,19.0,71.0,3.0,2.0,0.0,4.0,2.0,1.0,41.0,28.0,0
699,699,,,,,36.1254,-86.84706111,,,,,,,,,,,,,,,,,,,,,,,,,,,,,,,,,,,,,,crash,1.0,1760.0,0000000,0.0,10.0,33.0,42.0,0.0,23.0,10.0,0.0,22.0,47.0,0.0,US-70S SR-1 HARDING RD,,1.0,0.0,0.0,1.0,48.0,2.0,0.0,4.0,0.0,37.0,2019.0,12.0,470950.0,0.0,22.0,22.0,132.0,3.0,1.0,0.0,23.0,1.0,1.0,57.0,1.0,3
700,700,,,,,36.06701944,-86.68851111,,,,,,,,,,,,,,,,,,,,,,,,,,,,,,,,,,,,,,crash,2.0,1760.0,0000000,0.0,1.0,8.0,20.0,0.0,88.0,1.0,1.0,5.0,47.0,0.0,APACHE TRL,,1.0,0.0,0.0,1.0,21.0,6.0,0.0,1.0,0.0,37.0,2019.0,12.0,470971.0,0.0,5.0,5.0,18.0,3.0,1.0,0.0,88.0,1.0,0.0,35.0,9.0,0
701,701,,,,,36.09408056,-86.70633056,,,,,,,,,,,,,,,,,,,,,,,,,,,,,,,,,,,,,,crash,3.0,1760.0,0000000,1.0,10.0,12.0,32.0,0.0,7.0,10.0,0.0,6.0,47.0,0.0,I-24,,3.0,0.0,0.0,1.0,30.0,1.0,0.0,1.0,0.0,37.0,2019.0,10.0,470985.0,0.0,6.0,6.0,196.0,4.0,3.0,0.0,17.0,3.0,1.0,52.0,29.0,0
702,702,,,,,36.13991111,-86.72781111,,,,,,,,,,,,,,,,,,,,,,,,,,,,,,,,,,,,,,crash,7.0,1760.0,0000000,0.0,5.0,24.0,11.0,0.0,8.0,5.0,0.0,8.0,47.0,0.0,I-24,,2.0,0.0,0.0,1.0,20.0,1.0,0.0,4.0,0.0,37.0,2019.0,12.0,471042.0,0.0,8.0,8.0,214.0,1.0,1.0,0.0,59.0,1.0,1.0,33.0,28.0,0
703,703,,,,,36.1518,-86.77125,,,,,,,,,,,,,,,,,,,,,,,,,,,,,,,,,,,,,,crash,1.0,1760.0,0000000,6.0,2.0,12.0,3.0,0.0,11.0,2.0,0.0,10.0,47.0,0.0,US-31A/41 SR-1 LAFAYETTE ST,4TH AVE S,8.0,0.0,0.0,1.0,0.0,2.0,0.0,1.0,0.0,37.0,2019.0,12.0,471044.0,26.0,10.0,10.0,184.0,1.0,2.0,0.0,0.0,2.0,1.0,16.0,29.0,1
704,704,,,,,36.04903889,-86.65255,,,,,,,,,,,,,,,,,,,,,,,,,,,,,,,,,,,,,,crash,7.0,1760.0,0000000,0.0,10.0,8.0,24.0,0.0,14.0,10.0,1.0,13.0,47.0,0.0,SR-254 BELL RD,,1.0,0.0,0.0,1.0,30.0,3.0,0.0,1.0,0.0,37.0,2019.0,12.0,471059.0,0.0,13.0,13.0,152.0,1.0,1.0,0.0,20.0,1.0,1.0,46.0,21.0,0
705,705,,,,,36.18488889,-86.77368056,,,,,,,,,,,,,,,,,,,,,,,,,,,,,,,,,,,,,,crash,6.0,1760.0,0000000,6.0,1.0,12.0,10.0,0.0,17.0,1.0,0.0,17.0,47.0,0.0,US-31W/41 SR-11 DICKERSON PK,,5.0,0.0,0.0,1.0,8.0,2.0,1.0,1.0,0.0,37.0,2019.0,12.0,471069.0,0.0,17.0,17.0,134.0,5.0,2.0,0.0,36.0,2.0,1.0,17.0,27.0,1
706,706,,,,,36.20406111,-86.81841111,,,,,,,,,,,,,,,,,,,,,,,,,,,,,,,,,,,,,,crash,5.0,1760.0,0000000,0.0,10.0,8.0,27.0,0.0,15.0,10.0,1.0,15.0,47.0,0.0,W TRINITY LN,,2.0,0.0,0.0,1.0,27.0,6.0,0.0,1.0,0.0,37.0,2019.0,12.0,471070.0,23.0,15.0,15.0,15.0,1.0,1.0,0.0,54.0,1.0,0.0,32.0,26.0,1